645cc43cd61e0093ffdce102,ahh1@gmail.com,Ahmed Ali,122456,ahh1
645d0dba27d8e8804e47ab07,mohaaaa@gmail.com,Mohammed,451sdfsfAAA,moha11
645de7f127d8e8804e47ab08,mohaaaaa@gmail.com,Mohammed,451sdfsfAAA,mohga11
645de81927d8e8804e47ab09,mohasaaaa@gmail.com,Mohammed,451sdfsfAAA,mohsga11
645de84b11cc64ba36c06737,mohasasaaa@gmail.com,Mohammed,$2a$12$1XJ73SfOUt0uovvgEoqQj.wYK.yIHAjSO2xkKVMMghoukEaQGv6gq,mohssga11
645de863b76ca6ff21cbd767,mohasasaaa@gmail.com,Mohammed,$2a$12$UNrro/Sgl88iNlcAZWRXzuUarjAKhwAMzj450cCPcczg9hncc0Rr6,mohssga11
645de867b76ca6ff21cbd768,mohasasaaa@gmail.com,Mohammed,$2a$12$pyDGQM6fviGoO5haCERCa.R4R8wPtsGHCxXhKmubSxHXnb2M9pwfW,mohssssga11
645de86cb76ca6ff21cbd769,mohasasaaa@gmail.com,Mohammed,$2a$12$7zjJmVI9TED.X.th70VKd.M9LDLYq7/B9RubHYVVyDdyHdpR1IyZO,mo1sssga11
645de870b76ca6ff21cbd76a,mohassasaaa@gmail.com,Moshammed,$2a$12$dKpvtWeEycSlq6.BhFd9euKTwJ.SyFQXmYfQJS7/Z8AxgxEq/lHuK,mo1sssga11
645de874b76ca6ff21cbd76b,mohassasaaa@gmail.com,Moshammed,$2a$12$juA5NuIsRjZlf0UiRONbZ.8fTYh64HbLXWPMTjYoF4jaVrJkOkuGu,sssga11
645de878b76ca6ff21cbd76c,mosssasaaa@gmail.com,Moshammed,$2a$12$l/J6KVd5QgTm3e8Q2PIYv.dxAH9TIcaJbNXDe5Vl5fthwHa0waoPG,sssga11
645de87db76ca6ff21cbd76d,mossssasaaa@gmail.com,Moshammed,$2a$12$FuX5T6hgxS5hEHYkBhFXGuHweg1uTHHnXspXhQG7znlGd.yIvymZ2,ssssga11
645de8be93696fbb87ec9671,aloosh@gmail.com,Ali Aloosh,$2a$12$UAZoc9coD6YUpL5DEJ4HC.45RFnDyUrOQuUQky7IkuFZfGKWmgYaO,aalio11
645e5981f3f9c8f3acbb9352,ommmar55@gmail.com,Omar,$2a$10$dC9oBwIMnxoEFTWccndqyeoufZLJq5a41cQUdGrsz0Tp17SzhNEVO,oma111
645f57626ecab3f8b5b86aa9,sarr2055@gmail.com,Sarah,$2a$10$8I0RRpcWkIzg4bi1uvQ2Ve1xzo/LryVHs8X1KrE8qJaFnScwxOQI2,sar50
645f581594ea78eee0247ae2,sarr12055@gmail.com,Sarah,$2a$10$Dy9.w1EqJ0WaqwiC8U49L.C0ayzTwdG8dezji867OeU1R9GfyJfxi,sa1r50
645f9dd67d10c4a8ad2ee45e,Alberto@gmail.com,Alberto,$2a$10$Yby5OHQKdzKJO5rzW7vK1.xLoEfrpPHH.C7lyzqWcajYRisvckSvq,alb12
645f9e3d8171edf91d3fe083,Albesrto@gmail.com,Alberto,$2a$10$i/ZMnNo8LtFZk7d5U/t8WO/9O7Va9yMEvhk.DDhJeNsR4/7VQotQa,alb1s2
6461f172d92303c1d0993be8,saar@gmail.com,Sarah Mohammed,1111222,staa11
6461f1f8aef5c8004f69f536,saar@gmail.com,Sarah Mohammed,1111222ABb,staa11
6461f24c9529ef6e4ec50750,saar@gmail.com,Sarah Mohammed,1111222ABb,staa11
6461f258b2676699362d2920,saar@gmail.com,Sarah Mohammed,1111222ABb,staa11
6461f26437a91fb451c5112a,saar@gmail.com,Sarah Mohammed,1111222ABb,staa11
6461f2f89a58191295de5d35,saaar@gmail.com,Sarah Mohammed,1111222ABb,staaa11
6461fe409a58191295de5d36,adoo@gmail.com,Daoud Daoud,213457,ddo11
6461ff5b1d40a2d2350cf76e,adoo@gmail.com,Daoud Daoud,213457,ddo11
64620fa27b05393eb8be7a65,hos@hotmail.com,Ali,1111,huss22
64620fa27b05393eb8be7a66,hos@hotmail.com,Hussain,1111,huss22
64620fa37b05393eb8be7a67,hos@hotmail.com,Hussain,1111,huss22
64620fc48b39d7be725a492e,hos@hotmail.com,Hussain,1111,huss22
6467367d2c4138f484e996b2,alobbao@gmail.com,Ali Basem,$2a$10$hVo15g5t0KOJnhpecKNx0.CtniTJhuvtOOLyNPq2wV.zk1M18g/Mu,bam45
